muscleGroup,workoutId
Abdominals,52
Tensor Fasciae Latae,38
Pectineus,2
Upper Abs,49
Extensor Digitorum Longus,9
Lateral Deltoid,27
Vastus Intermedius,3
Levator Scapulae,57
Peroneus Longus,14
Flexor Hallucis Longus,7
Extensor Digitorum Longus,52
Levator Scapulae,14
Teres Minor,11
Rhomboids,53
Flexor Digitorum Longus,2
Infraspinatus,32
Erector Spinae,9
Hamstrings,54
Gluteus Minimus,9
Piriformis,35
Sartorius,43
Pectoralis Minor,2
Pectineus,58
Flexor Digitorum Longus,13
Vastus Medialis,17
Quadriceps,22
Peroneus Brevis,28
Gastrocnemius,18
Popliteus,12
Gluteus Minimus,47
Hamstrings,15
Tensor Fasciae Latae,25
Peroneus Longus,57
Infraspinatus,5
Biceps Brachii,13
Subscapularis,30
Gluteus Maximus,30
Peroneus Brevis,28
Pectoralis Minor,6
Teres Minor,18
Gluteus Medius,3
Gastrocnemius,52
Flexor Hallucis Longus,30
Pectoralis Major,33
Tibialis Posterior,45
Biceps Brachii,40
Subscapularis,37
Flexor Hallucis Longus,17
Rotator Cuff Muscles,5
Hip Flexors,57
