workoutId,name,time,TimesPerWeek,CreatedById
1,Power Pump,9:56 AM,4,40
2,Cardio Blast,6:40 AM,1,37
3,Muscle Max,4:43 PM,2,17
4,Strength Surge,12:52 PM,5,10
5,Endurance Extreme,1:42 PM,7,14
6,Iron Core,8:42 PM,2,5
7,Sweat Sesh,7:32 AM,4,32
8,Fit Fusion,8:32 AM,2,8
9,Burn Blitz,4:40 PM,4,2
10,Ripped Reps,9:42 PM,7,30
11,Heart Pump,8:45 AM,2,1
12,Flex Force,10:48 PM,7,11
13,Tone Thrive,6:58 AM,3,51
14,Calorie Crusher,3:27 PM,7,21
15,Core Crusher,1:51 PM,5,57
16,Sweat Sculpt,6:28 AM,4,31
17,Muscle Melt,11:23 PM,2,6
18,Power Pulse,9:26 PM,2,30
19,Cardio Crush,5:56 PM,6,46
20,Strength Sprint,9:08 AM,7,31
21,Endurance Edge,12:54 PM,5,47
22,Iron Intensity,11:02 PM,1,41
23,Sweat Storm,9:02 PM,4,11
24,Fit Fire,9:49 PM,2,55
25,Burn Burst,1:28 PM,6,47
26,Ripped Run,6:57 AM,5,55
27,Heart Hype,7:26 AM,6,40
28,Flex Fury,5:20 PM,5,42
29,Tone Tornado,7:09 AM,3,34
30,Calorie Combust,11:05 PM,7,4
31,Core Carve,2:40 PM,5,21
32,Sweat Shred,1:50 PM,4,26
33,Muscle Mash,6:15 AM,7,36
34,Power Punch,1:52 PM,5,21
35,Cardio Charge,1:00 PM,3,60
36,Strength Surge,7:08 PM,5,25
37,Endurance Eruption,11:54 AM,6,38
38,Iron Impact,3:42 PM,6,26
39,Sweat Surge,6:24 AM,7,43
40,Fit Flame,2:55 PM,6,1
41,Burn Blaze,11:48 PM,6,13
42,Ripped Race,8:08 PM,3,40
43,Heart Heat,12:13 PM,6,44
44,Flex Frenzy,6:27 PM,6,53
45,Tone Tempest,2:14 PM,7,9
46,Calorie Cataclysm,8:39 PM,4,17
47,Core Crush,3:19 PM,3,16
48,Sweat Sizzle,2:51 PM,6,46
49,Muscle Mayhem,10:13 PM,2,33
50,Power Press,7:33 AM,6,8
51,Cardio Kick,9:54 PM,4,12
52,Strength Sprint,11:41 PM,2,33
53,Endurance Explosion,7:42 PM,5,7
54,Iron Incline,10:34 AM,4,20
55,Sweat Sprint,11:10 PM,2,9
56,Fit Flare,6:47 PM,2,58
57,Burn Burnout,10:44 AM,1,4
58,Ripped Rush,7:39 PM,7,13
59,Heart Hype,11:17 PM,1,36
60,Flex Frenzy,2:51 PM,3,31
